Upload JSON de monitoring,Résumé des anomalies,Recommandations,timestamp
.gradio/flagged/Upload JSON de monitoring/6d2bab6d31adb31083ff/rapport.json,"Résumé des anomalies détectées :
- CPU: 47 occurrence(s)
- LATENCY: 49 occurrence(s)
- SERVICE: 75 occurrence(s)
- MEMORY: 13 occurrence(s)
- DISK: 30 occurrence(s)","[""1. Analyser l'utilisation du CPU pour identifier les processus qui consomment le plus de ressources et optimiser ou réduire leur utilisation."", ""2. Mettre en place un monitoring en temps réel du CPU pour anticiper les pics d'utilisation et réagir rapidement."", '3. Réduire la latence en optimisant le réseau, en utilisant des techniques comme le load balancing ou le caching.', ""4. Vérifier la configuration des services pour s'assurer qu'ils sont correctement dimensionnés et optimisés pour la charge de travail."", '5. Mettre à jour ou remplacer les services qui génèrent des erreurs ou qui ne fonctionnent pas correctement.', ""6. Surveiller l'utilisation de la mémoire et identifier les fuites de mémoire potentielles dans les applications."", ""7. Optimiser l'utilisation de la mémoire en utilisant des techniques comme la pagination ou la mise en cache."", ""8. Vérifier l'état du disque dur, nettoyer les fichiers inutiles et défragmenter le disque si nécessaire."", ""9. Optimiser l'utilisation du disque en répartissant la charge de travail sur plusieurs disques ou en utilisant des techniques de stockage plus efficaces."", ""10. Mettre en place une surveillance en temps réel de l'utilisation du disque pour anticiper les problèmes et réagir rapidement."", '11. Considérer']",2025-06-17 03:16:55.416837
.gradio/flagged/Upload JSON de monitoring/4b922b1e551e32d25b34/rapport.json,"Résumé des anomalies détectées :
- CPU: 47 occurrence(s)
- LATENCY: 49 occurrence(s)
- SERVICE: 75 occurrence(s)
- MEMORY: 13 occurrence(s)
- DISK: 30 occurrence(s)","[""1. Analyser l'utilisation du CPU pour identifier les processus qui consomment le plus de ressources et optimiser ou réduire leur utilisation."", ""2. Mettre en place un monitoring en temps réel du CPU pour anticiper les pics d'utilisation et réagir rapidement."", '3. Réduire la latence en optimisant le réseau, en utilisant des techniques comme le load balancing ou le caching.', ""4. Vérifier la configuration des services pour s'assurer qu'ils sont correctement dimensionnés et optimisés pour la charge de travail."", '5. Mettre à jour ou remplacer les services qui génèrent des erreurs ou qui ne fonctionnent pas correctement.', ""6. Surveiller l'utilisation de la mémoire et identifier les fuites de mémoire potentielles dans les applications."", ""7. Optimiser l'utilisation de la mémoire en utilisant des techniques comme la pagination ou la mise en cache."", ""8. Vérifier l'état du disque dur, nettoyer les fichiers inutiles et défragmenter le disque si nécessaire."", ""9. Optimiser l'utilisation du disque en répartissant la charge de travail sur plusieurs disques ou en utilisant des techniques de stockage plus efficaces."", ""10. Mettre en place une surveillance en temps réel de l'utilisation du disque pour anticiper les problèmes et réagir rapidement."", '11. Considérer']",2025-06-17 03:17:02.546928
